File_Name,Related_Equipment_ID,Related_Material_ID,Pages_Of_Interest
grundfos_crn_series_manual.pdf,EQ-PUMP-CRN10-6-01,MAT-SEAL-35MM-2100,45-47
ksb_eta_series_manual.pdf,EQ-PUMP-KSB-65-160-01,MAT-IMPELLER-KSB-65-160,12-15
flender_h_series_manual.pdf,EQ-GEAR-FLENDER-H3SH-01,MAT-BRG-22224-CCW33,88-92
rexroth_hpu_manual.pdf,EQ-HPU-REX-45-01,MAT-FILTER-HYDAC-0330D010,33-35
abb_acs880_manual.pdf,EQ-DRIVE-ABB-ACS880-01,MAT-FANFILTER-325,10-11
fisher_119_manual.pdf,EQ-VALVE-FISHER-119-01,MAT-POS-FISHER-DVC6200,60-61
marley_geareducer_manual.pdf,EQ-CT-FAN-MARLEY-01,MAT-OIL-MOBIL-SHC632-20L,5-6
donaldson_dfo_manual.pdf,EQ-BAGHOUSE-DFO3-12-01,MAT-GASKET-4IN-150-SS316G,21-22
sew_r_series_manual.pdf,EQ-CONVEY-SEW-R97-01,MAT-STARTER-ABB-AF116,14
primetals_mox120_manual.pdf,EQ-CAST-MOLD-MOX120-01,,101-104
